id,name,city,state,postal_code,email
1,TX - Abilene,Abilene,TX,,
2,CA - Adelanto,Adelanto,CA,,
3,OH - Akron,Akron,OH,,
4,NY - Albany,Albany,NY,,
5,NM - Albuquerque,Albuquerque,NM,,
6,PA - Altoona,Altoona,PA,,
7,TX - Amarillo,Amarillo,TX,,
8,CA - Antelope,Antelope,CA,,
9,WI - Appleton,Appleton,WI,,
10,GA - Atlanta East,Atlanta East,GA,,
11,GA - Atlanta North,Atlanta North,GA,,
12,GA - Atlanta South,Atlanta South,GA,,
13,GA - Atlanta West,Atlanta West,GA,,
14,GA - Augusta,Augusta,GA,,
15,TX - Austin,Austin,TX,,
16,CA - Bakersfield,Bakersfield,CA,,
17,MD - Baltimore,Baltimore,MD,,
18,MD - Baltimore East,Baltimore East,MD,,
19,LA - Baton Rouge,Baton Rouge,LA,,
20,AL - Birmingham,Birmingham,AL,,
21,ND - Bismarck,Bismarck,ND,,
22,NY - Buffalo,Buffalo,NY,,
23,NH - Candia,Candia,NH,,
24,GA - Cartersville,Cartersville,GA,,
25,PA - Chambersburg,Chambersburg,PA,,
26,SC - Charleston,Charleston,SC,,
27,WV - Charleston,Charleston,WV,,
28,IL - Chicago North,Chicago North,IL,,
29,IL - Chicago South,Chicago South,IL,,
30,NC - China Grove,China Grove,NC,,
31,OH - Cleveland East,Cleveland East,OH,,
32,OH - Cleveland West,Cleveland West,OH,,
33,FL - Clewiston,Clewiston,FL,,
34,CO - Colorado Springs,Colorado Springs,CO,,
35,MO - Columbia,Columbia,MO,,
36,SC - Columbia,Columbia,SC,,
37,OH - Columbus,Columbus,OH,,
38,NC - Concord,Concord,NC,,
39,TX - Corpus Christi,Corpus Christi,TX,,
40,MN - CrashedToys East Bethel,CrashedToys East Bethel,MN,,
41,IA - CrashedToys Eldridge,CrashedToys Eldridge,IA,,
42,CA - CrashedToys Sacramento,CrashedToys Sacramento,CA,,
43,VA - Culpeper,Culpeper,VA,,
44,TX - Dallas,Dallas,TX,,
45,TX - Dallas South,Dallas South,TX,,
46,VA - Danville,Danville,VA,,
47,IA - Davenport,Davenport,IA,,
48,OH - Dayton,Dayton,OH,,
49,CO - Denver,Denver,CO,,
50,CO - Denver Central,Denver Central,CO,,
51,CO - Denver South,Denver South,CO,,
52,IA - Des Moines,Des Moines,IA,,
53,MI - Detroit,Detroit,MI,,
54,AL - Dothan,Dothan,AL,,
55,IN - Dyer,Dyer,IN,,
56,TX - El Paso,El Paso,TX,,
57,RI - Exeter,Exeter,RI,,
58,GA - Fairburn,Fairburn,GA,,
59,AR - Fayetteville,Fayetteville,AR,,
60,MI - Flint,Flint,MI,,
61,IN - Fort Wayne,Fort Wayne,IN,,
62,VA - Fredericksburg,Fredericksburg,VA,,
63,CA - Fremont,Fremont,CA,,
64,CA - Fresno,Fresno,CA,,
65,MA - Freetown,Freetown,MA,,
66,FL - Pierce,Pierce,FL,,
67,TX - Worth,Worth,TX,,
68,NC - Gastonia,Gastonia,NC,,
69,NJ - Glassboro East,Glassboro East,NJ,,
70,SC - Greer,Greer,SC,,
71,MS - Grenada,Grenada,MS,,
72,IN - Hammond,Hammond,IN,,
73,VA - Hampton,Hampton,VA,,
74,PA - Harrisburg,Harrisburg,PA,,
75,CT - Hartford,Hartford,CT,,
76,CA - Hayward,Hayward,CA,,
77,TX - Houston,Houston,TX,,
78,IN - Indianapolis,Indianapolis,IN,,
79,MI - Ionia,Ionia,MI,,
80,MS - Jackson,Jackson,MS,,
81,FL - Jacksonville East,Jacksonville East,FL,,
82,FL - Jacksonville West,Jacksonville West,FL,,
83,KS - Kansas City,Kansas City,KS,,
84,MI - Kincheloe,Kincheloe,MI,,
85,TN - Knoxville,Knoxville,TN,,
86,MI - Lansing,Lansing,MI,,
87,NV - Las Vegas,Las Vegas,NV,,
88,NV - Las Vegas West,Las Vegas West,NV,,
89,KY - Lexington East,Lexington East,KY,,
90,KY - Lexington West,Lexington West,KY,,
91,NE - Lincoln,Lincoln,NE,,
92,AR - Little Rock,Little Rock,AR,,
93,CA - Long Beach,Long Beach,CA,,
94,NY - Long Island,Long Island,NY,,
95,TX - Longview,Longview,TX,,
96,CA - Los Angeles,Los Angeles,CA,,
97,KY - Louisville,Louisville,KY,,
98,TX - Lufkin,Lufkin,TX,,
99,NC - Lumberton,Lumberton,NC,,
100,ME - Lyman,Lyman,ME,,
101,GA - Macon,Macon,GA,,
102,WI - Madison,Madison,WI,,
103,WI - Madison South,Madison South,WI,,
104,CA - Martinez,Martinez,CA,,
105,TX - Mcallen,Mcallen,TX,,
106,NC - Mebane,Mebane,NC,,
107,TN - Memphis,Memphis,TN,,
108,CA - Mentone,Mentone,CA,,
109,FL - Miami Central,Miami Central,FL,,
110,FL - Miami North,Miami North,FL,,
111,FL - Miami South,Miami South,FL,,
112,WI - Milwaukee,Milwaukee,WI,,
113,WI - Milwaukee South,Milwaukee South,WI,,
114,MN - Minneapolis,Minneapolis,MN,,
115,MN - Minneapolis North,Minneapolis North,MN,,
116,AL - Mobile,Mobile,AL,,
117,AL - Mobile South,Mobile South,AL,,
118,NC - Mocksville,Mocksville,NC,,
119,AL - Montgomery,Montgomery,AL,,
120,FL - Mulberry,Mulberry,FL,,
121,CA - Napa,Napa,CA,,
122,TN - Nashville,Nashville,TN,,
123,LA - New Orleans,New Orleans,LA,,
124,NY - Newburgh,Newburgh,NY,,
125,MA - North Boston,North Boston,MA,,
126,WA - North Seattle,North Seattle,WA,,
127,FL - Ocala,Ocala,FL,,
128,OK - Oklahoma City,Oklahoma City,OK,,
129,FL - Orlando,Orlando,FL,,
130,FL - Orlando North,Orlando North,FL,,
131,FL - Orlando South,Orlando South,FL,,
132,IL - Peoria,Peoria,IL,,
133,PA - Philadelphia,Philadelphia,PA,,
134,PA - Philadelphia East,Philadelphia East,PA,,
135,AZ - Phoenix,Phoenix,AZ,,
136,AZ - Phoenix North,Phoenix North,AZ,,
137,PA - Pittsburgh South,Pittsburgh South,PA,,
138,PA - Pittsburgh East,Pittsburgh East,PA,,
139,PA - Pittsburgh North,Pittsburgh North,PA,,
140,PA - Pittsburgh West,Pittsburgh West,PA,,
141,OR - Portland South,Portland South,OR,,
142,FL - Punta Gorda,Punta Gorda,FL,,
143,FL - Punta Gorda South,Punta Gorda South,FL,,
144,NC - Raleigh,Raleigh,NC,,
145,NC - Raleigh North,Raleigh North,NC,,
146,CA - Rancho Cucamonga,Rancho Cucamonga,CA,,
147,CA - Redding,Redding,CA,,
148,NV - Reno,Reno,NV,,
149,VA - Richmond,Richmond,VA,,
150,NY - Rochester,Rochester,NY,,
151,VT - Rutland,Rutland,VT,,
152,CA - Sacramento,Sacramento,CA,,
153,UT - Salt Lake City,Salt Lake City,UT,,
154,TX - San Antonio,San Antonio,TX,,
155,CA - San Diego,San Diego,CA,,
156,CA - San Jose,San Jose,CA,,
157,GA - Savannah,Savannah,GA,,
158,PA - Scranton,Scranton,PA,,
159,DE - Seaford,Seaford,DE,,
160,LA - Shreveport,Shreveport,LA,,
161,MO - Sikeston,Sikeston,MO,,
162,CA - So Sacramento,So Sacramento,CA,,
163,NJ - Somerville,Somerville,NJ,,
164,MA - South Boston,South Boston,MA,,
165,IL - Southern Illinois,Southern Illinois,IL,,
166,SC - Spartanburg,Spartanburg,SC,,
167,MO - Springfield,Springfield,MO,,
168,MN - Cloud,Cloud,MN,,
169,MO - Louis,Louis,MO,,
170,CA - Sun Valley,Sun Valley,CA,,
171,NY - Syracuse,Syracuse,NY,,
172,FL - Tallahassee,Tallahassee,FL,,
173,FL - Tampa South,Tampa South,FL,,
174,AL - Tanner,Tanner,AL,,
175,GA - Tifton,Tifton,GA,,
176,NJ - Trenton,Trenton,NJ,,
177,AZ - Tucson,Tucson,AZ,,
178,OK - Tulsa,Tulsa,OK,,
179,CA - Vallejo,Vallejo,CA,,
180,CA - Van Nuys,Van Nuys,CA,,
181,TX - Waco,Waco,TX,,
182,KY - Walton,Walton,KY,,
183,MD - Washington Dc,Washington Dc,MD,,
184,MI - Wayland,Wayland,MI,,
185,FL - West Palm Beach,West Palm Beach,FL,,
186,MA - West Warren,West Warren,MA,,
187,IL - Wheeling,Wheeling,IL,,
188,KS - Wichita,Wichita,KS,,
189,ME - Windham,Windham,ME,,
190,PA - York Haven,York Haven,PA,,
191,TX - Abilene,Abilene,TX,,
192,CA - Ace – Perris 2,Ace – Perris 2,CA,,
193,CA - Ace Carson,Ace Carson,CA,,
194,OH - Acron Canton,Acron Canton,OH,,
195,AL - Adesa Birmingham,Adesa Birmingham,AL,,
196,NY - Albany,Albany,NY,,
197,NM - Albuquerque,Albuquerque,NM,,
198,PA - Altoona,Altoona,PA,,
199,TX - Amarillo,Amarillo,TX,,
200,CA - Anaheim,Anaheim,CA,,
201,WI - Appleton,Appleton,WI,,
202,NC - Asheville,Asheville,NC,,
203,KY - Ashland,Ashland,KY,,
204,GA - Atlanta,Atlanta,GA,,
205,GA - Atlanta East,Atlanta East,GA,,
206,GA - Atlanta North,Atlanta North,GA,,
207,GA - Atlanta South,Atlanta South,GA,,
208,TX - Austin,Austin,TX,,
209,TX - Austin North,Austin North,TX,,
210,NJ - Avenel,Avenel,NJ,,
211,MD - Baltimore,Baltimore,MD,,
212,LA - Baton Rouge,Baton Rouge,LA,,
213,AL - Birmingham,Birmingham,AL,,
214,MA - Boston-Shirley,Boston-Shirley,MA,,
215,KY - Bowling Green,Bowling Green,KY,,
216,PA - Bridgeport,Bridgeport,PA,,
217,WV - Buckhannon,Buckhannon,WV,,
218,NY - Buffalo,Buffalo,NY,,
219,VT - Burlington,Burlington,VT,,
220,NJ - Central New Jersey,Central New Jersey,NJ,,
221,SC - Charleston,Charleston,SC,,
222,NC - Charlotte,Charlotte,NC,,
223,TN - Chattanooga,Chattanooga,TN,,
224,IL - Chicago North,Chicago North,IL,,
225,IL - Chicago South,Chicago South,IL,,
226,IL - Chicago West,Chicago West,IL,,
227,OH - Cincinnati,Cincinnati,OH,,
228,OH - Cincinnati South,Cincinnati South,OH,,
229,FL - Clearwater,Clearwater,FL,,
230,OH - Cleveland,Cleveland,OH,,
231,FL - Clewiston,Clewiston,FL,,
232,CO - Colorado Springs,Colorado Springs,CO,,
233,CA - Colton,Colton,CA,,
234,SC - Columbia,Columbia,SC,,
235,OH - Columbus,Columbus,OH,,
236,NC - Concord,Concord,NC,,
237,TX - Corpus Christi,Corpus Christi,TX,,
238,VA - Culpeper,Culpeper,VA,,
239,TX - Dallas,Dallas,TX,,
240,TX - Worth,Worth,TX,,
241,IA - Davenport,Davenport,IA,,
242,OH - Dayton,Dayton,OH,,
243,CO - Denver,Denver,CO,,
244,CO - Denver East,Denver East,CO,,
245,IA - Des Moines,Des Moines,IA,,
246,MI - Detroit,Detroit,MI,,
247,AL - Dothan,Dothan,AL,,
248,MD - Dundalk,Dundalk,MD,,
249,CA - East Bay,East Bay,CA,,
250,TX - El Paso,El Paso,TX,,
251,NJ - Englishtown,Englishtown,NJ,,
252,PA - Erie,Erie,PA,,
253,ND - Fargo,Fargo,ND,,
254,AR - Fayetteville,Fayetteville,AR,,
255,MI - Flint,Flint,MI,,
256,CA - Fontana,Fontana,CA,,
257,FL - Fort Myers,Fort Myers,FL,,
258,IN - Fort Wayne,Fort Wayne,IN,,
259,TX - Fort Worth North,Fort Worth North,TX,,
260,VA - Fredericksburg South,Fredericksburg South,VA,,
261,CA - Fremont,Fremont,CA,,
262,CA - Fresno,Fresno,CA,,
263,FL - Pierce,Pierce,FL,,
264,MI - Grand Rapids,Grand Rapids,MI,,
265,NC - Greensboro,Greensboro,NC,,
266,SC - Greenville,Greenville,SC,,
267,MS - Grenada,Grenada,MS,,
268,MS - Gulf Coast,Gulf Coast,MS,,
269,CT - Hartford South,Hartford South,CT,,
270,CT - Hartford,Hartford,CT,,
271,CA - High Desert,High Desert,CA,,
272,NC - High Point,High Point,NC,,
273,TX - Houston,Houston,TX,,
274,TX - Houston North,Houston North,TX,,
275,TX - Houston South,Houston South,TX,,
276,AL - Huntsville,Huntsville,AL,,
277,IN - Indianapolis,Indianapolis,IN,,
278,IN - Indianapolis South,Indianapolis South,IN,,
279,MS - Jackson,Jackson,MS,,
280,FL - Jacksonville,Jacksonville,FL,,
281,KS - Kansas City,Kansas City,KS,,
282,TN - Knoxville,Knoxville,TN,,
283,LA - Lafayette,Lafayette,LA,,
284,NV - Las Vegas,Las Vegas,NV,,
285,MD - Laurel,Laurel,MD,,
286,SC - Lexington,Lexington,SC,,
287,IL - Lincoln,Lincoln,IL,,
288,AR - Little Rock,Little Rock,AR,,
289,NY - Long Island,Long Island,NY,,
290,TX - Longview,Longview,TX,,
291,CA - Los Angeles,Los Angeles,CA,,
292,CA - Los Angeles South,Los Angeles South,CA,,
293,KY - Louisville,Louisville,KY,,
294,KY - Louisville North,Louisville North,KY,,
295,TX - Lubbock,Lubbock,TX,,
296,GA - Macon,Macon,GA,,
297,NH - Manchester,Manchester,NH,,
298,TX - Mcallen,Mcallen,TX,,
299,TN - Memphis,Memphis,TN,,
300,DC - Metro,Metro,DC,,
301,FL - Miami,Miami,FL,,
302,FL - Miami North,Miami North,FL,,
303,WI - Milwaukee,Milwaukee,WI,,
304,MN - Minneapolis / South,Minneapolis / South,MN,,
305,MN - Paul,Paul,MN,,
306,NY - Monticello,Monticello,NY,,
307,TN - Nashville,Nashville,TN,,
308,DE - New Castle,New Castle,DE,,
309,LA - New Orleans,New Orleans,LA,,
310,LA - New Orleans East,New Orleans East,LA,,
311,NY - Newburgh,Newburgh,NY,,
312,CA - North Hollywood,North Hollywood,CA,,
313,WA - North Seattle,North Seattle,WA,,
314,VA - Northern Virginia,Northern Virginia,VA,,
315,OK - Oklahoma City,Oklahoma City,OK,,
316,NE - Omaha,Omaha,NE,,
317,FL - Orlando,Orlando,FL,,
318,FL - Orlando North,Orlando North,FL,,
319,KY - Paducah,Paducah,KY,,
320,FL - Pensacola,Pensacola,FL,,
321,TX - Permian Basin,Permian Basin,TX,,
322,PA - Philadelphia,Philadelphia,PA,,
323,AZ - Phoenix,Phoenix,AZ,,
324,PA - Pittsburgh,Pittsburgh,PA,,
325,PA - Pittsburgh North,Pittsburgh North,PA,,
326,NJ - Port Murray,Port Murray,NJ,,
327,WI - Portage,Portage,WI,,
328,ME - Portland Gorham,Portland Gorham,ME,,
329,RI - Providence,Providence,RI,,
330,UT - Provo,Provo,UT,,
331,VA - Pulaski,Pulaski,VA,,
332,NC - Raleigh,Raleigh,NC,,
333,NV - Reno,Reno,NV,,
334,VA - Richmond,Richmond,VA,,
335,VA - Roanoke,Roanoke,VA,,
336,NY - Rochester,Rochester,NY,,
337,NY - Rochester West,Rochester West,NY,,
338,CA - Sacramento,Sacramento,CA,,
339,UT - Salt Lake City,Salt Lake City,UT,,
340,TX - San Antonio,San Antonio,TX,,
341,TX - San Antonio South,San Antonio South,TX,,
342,CA - San Diego,San Diego,CA,,
343,CA - Santa Clarita,Santa Clarita,CA,,
344,GA - Savannah,Savannah,GA,,
345,NJ - Sayreville,Sayreville,NJ,,
346,PA - Scranton,Scranton,PA,,
347,WV - Shady Spring,Shady Spring,WV,,
348,LA - Shreveport,Shreveport,LA,,
349,SD - Sioux Falls,Sioux Falls,SD,,
350,IN - South Bend,South Bend,IN,,
351,NJ - Southern New Jersey,Southern New Jersey,NJ,,
352,MO - Springfield,Springfield,MO,,
353,IL - Louis,Louis,IL,,
354,CA - Stockton,Stockton,CA,,
355,VA - Suffolk,Suffolk,VA,,
356,NY - Syracuse,Syracuse,NY,,
357,FL - Tampa,Tampa,FL,,
358,FL - Tampa North,Tampa North,FL,,
359,MA - Taunton,Taunton,MA,,
360,MA - Templeton,Templeton,MA,,
361,VA - Tidewater,Tidewater,VA,,
362,GA - Tifton,Tifton,GA,,
363,AZ - Tucson,Tucson,AZ,,
364,OK - Tulsa,Tulsa,OK,,
365,FL - West Palm Beach,West Palm Beach,FL,,
366,CO - Western Colorado,Western Colorado,CO,,
367,KS - Wichita,Wichita,KS,,
368,NC - Wilmington,Wilmington,NC,,
369,PA - York Springs,York Springs,PA,,
